"ACCOUNT_NUM","APPRAISAL_YR","DIVISION_CD","BIZ_NAME","OWNER_NAME1","OWNER_NAME2","EXCLUDE_OWNER","OWNER_ADDRESS_LINE1","OWNER_ADDRESS_LINE2","OWNER_ADDRESS_LINE3","OWNER_ADDRESS_LINE4","OWNER_CITY","OWNER_STATE","OWNER_ZIPCODE","OWNER_COUNTRY","STREET_NUM","STREET_HALF_NUM","FULL_STREET_NAME","BLDG_ID","UNIT_ID","PROPERTY_CITY","PROPERTY_ZIPCODE","MAPSCO","NBHD_CD","LEGAL1","LEGAL2","LEGAL3","LEGAL4","LEGAL5","DEED_TXFR_DATE","GIS_PARCEL_ID","PHONE_NUM"
"99000000000000001","2026","RES                     ","SYNTHETIC-DO-NOT-IMPORT","SYNTHETIC-DO-NOT-IMPORT","SYNTHETIC-DO-NOT-IMPORT","","SYNTHETIC-DO-NOT-IMPORT","SYNTHETIC-DO-NOT-IMPORT","SYNTHETIC-DO-NOT-IMPORT","SYNTHETIC-DO-NOT-IMPORT","SYNTHETIC-DO-NOT-IMPORT","SYNTHETIC-DO-NOT-IMPORT","SYNTHETIC-DO-NOT-IMPORT","SYNTHETIC-DO-NOT-IMPORT","2737","","THISTLEWANE TRL         ","","","DALLAS                  ","752140000","","SYN00                   ","SYNTHETIC-DO-NOT-IMPORT","SYNTHETIC-DO-NOT-IMPORT","SYNTHETIC-DO-NOT-IMPORT","SYNTHETIC-DO-NOT-IMPORT","SYNTHETIC-DO-NOT-IMPORT","","SYN000000               ","SYNTHETIC-DO-NOT-IMPORT"
"99000000000000002","2026","RES                     ","SYNTHETIC-DO-NOT-IMPORT","SYNTHETIC-DO-NOT-IMPORT","SYNTHETIC-DO-NOT-IMPORT","","SYNTHETIC-DO-NOT-IMPORT","SYNTHETIC-DO-NOT-IMPORT","SYNTHETIC-DO-NOT-IMPORT","SYNTHETIC-DO-NOT-IMPORT","SYNTHETIC-DO-NOT-IMPORT","SYNTHETIC-DO-NOT-IMPORT","SYNTHETIC-DO-NOT-IMPORT","SYNTHETIC-DO-NOT-IMPORT","5284","","OSTRAVELLE LN           ","","","DALLAS                  ","752060001","","SYN01                   ","SYNTHETIC-DO-NOT-IMPORT","SYNTHETIC-DO-NOT-IMPORT","SYNTHETIC-DO-NOT-IMPORT","SYNTHETIC-DO-NOT-IMPORT","SYNTHETIC-DO-NOT-IMPORT","","SYN000001               ","SYNTHETIC-DO-NOT-IMPORT"
"99000000000000003","2026","RES                     ","SYNTHETIC-DO-NOT-IMPORT","SYNTHETIC-DO-NOT-IMPORT","SYNTHETIC-DO-NOT-IMPORT","","SYNTHETIC-DO-NOT-IMPORT","SYNTHETIC-DO-NOT-IMPORT","SYNTHETIC-DO-NOT-IMPORT","SYNTHETIC-DO-NOT-IMPORT","SYNTHETIC-DO-NOT-IMPORT","SYNTHETIC-DO-NOT-IMPORT","SYNTHETIC-DO-NOT-IMPORT","SYNTHETIC-DO-NOT-IMPORT","3509","","ASHENFOLD LN            ","","","DALLAS                  ","752090002","","SYN02                   ","SYNTHETIC-DO-NOT-IMPORT","SYNTHETIC-DO-NOT-IMPORT","SYNTHETIC-DO-NOT-IMPORT","SYNTHETIC-DO-NOT-IMPORT","SYNTHETIC-DO-NOT-IMPORT","","SYN000002               ","SYNTHETIC-DO-NOT-IMPORT"
"99000000000000004","2026","RES                     ","SYNTHETIC-DO-NOT-IMPORT","SYNTHETIC-DO-NOT-IMPORT","SYNTHETIC-DO-NOT-IMPORT","","SYNTHETIC-DO-NOT-IMPORT","SYNTHETIC-DO-NOT-IMPORT","SYNTHETIC-DO-NOT-IMPORT","SYNTHETIC-DO-NOT-IMPORT","SYNTHETIC-DO-NOT-IMPORT","SYNTHETIC-DO-NOT-IMPORT","SYNTHETIC-DO-NOT-IMPORT","SYNTHETIC-DO-NOT-IMPORT","1893","","THISTLEWANE DR          ","","","DALLAS                  ","752180003","","SYN03                   ","SYNTHETIC-DO-NOT-IMPORT","SYNTHETIC-DO-NOT-IMPORT","SYNTHETIC-DO-NOT-IMPORT","SYNTHETIC-DO-NOT-IMPORT","SYNTHETIC-DO-NOT-IMPORT","","SYN000003               ","SYNTHETIC-DO-NOT-IMPORT"
"99000000000000005","2026","RES                     ","SYNTHETIC-DO-NOT-IMPORT","SYNTHETIC-DO-NOT-IMPORT","SYNTHETIC-DO-NOT-IMPORT","","SYNTHETIC-DO-NOT-IMPORT","SYNTHETIC-DO-NOT-IMPORT","SYNTHETIC-DO-NOT-IMPORT","SYNTHETIC-DO-NOT-IMPORT","SYNTHETIC-DO-NOT-IMPORT","SYNTHETIC-DO-NOT-IMPORT","SYNTHETIC-DO-NOT-IMPORT","SYNTHETIC-DO-NOT-IMPORT","7059","","OSTRAVELLE TRL          ","","","DALLAS                  ","752200004","","SYN04                   ","SYNTHETIC-DO-NOT-IMPORT","SYNTHETIC-DO-NOT-IMPORT","SYNTHETIC-DO-NOT-IMPORT","SYNTHETIC-DO-NOT-IMPORT","SYNTHETIC-DO-NOT-IMPORT","","SYN000004               ","SYNTHETIC-DO-NOT-IMPORT"
"99000000000000006","2026","RES                     ","SYNTHETIC-DO-NOT-IMPORT","SYNTHETIC-DO-NOT-IMPORT","SYNTHETIC-DO-NOT-IMPORT","","SYNTHETIC-DO-NOT-IMPORT","SYNTHETIC-DO-NOT-IMPORT","SYNTHETIC-DO-NOT-IMPORT","SYNTHETIC-DO-NOT-IMPORT","SYNTHETIC-DO-NOT-IMPORT","SYNTHETIC-DO-NOT-IMPORT","SYNTHETIC-DO-NOT-IMPORT","SYNTHETIC-DO-NOT-IMPORT","6515","","ELDERQUIST AVE          ","","","DALLAS                  ","752230005","","SYN05                   ","SYNTHETIC-DO-NOT-IMPORT","SYNTHETIC-DO-NOT-IMPORT","SYNTHETIC-DO-NOT-IMPORT","SYNTHETIC-DO-NOT-IMPORT","SYNTHETIC-DO-NOT-IMPORT","","SYN000005               ","SYNTHETIC-DO-NOT-IMPORT"
"99000000000000007","2026","RES                     ","SYNTHETIC-DO-NOT-IMPORT","SYNTHETIC-DO-NOT-IMPORT","SYNTHETIC-DO-NOT-IMPORT","","SYNTHETIC-DO-NOT-IMPORT","SYNTHETIC-DO-NOT-IMPORT","SYNTHETIC-DO-NOT-IMPORT","SYNTHETIC-DO-NOT-IMPORT","SYNTHETIC-DO-NOT-IMPORT","SYNTHETIC-DO-NOT-IMPORT","SYNTHETIC-DO-NOT-IMPORT","SYNTHETIC-DO-NOT-IMPORT","3819","","DUNMORROW DR            ","","","DALLAS                  ","752280006","","SYN06                   ","SYNTHETIC-DO-NOT-IMPORT","SYNTHETIC-DO-NOT-IMPORT","SYNTHETIC-DO-NOT-IMPORT","SYNTHETIC-DO-NOT-IMPORT","SYNTHETIC-DO-NOT-IMPORT","","SYN000006               ","SYNTHETIC-DO-NOT-IMPORT"
"99000000000000008","2026","RES                     ","SYNTHETIC-DO-NOT-IMPORT","SYNTHETIC-DO-NOT-IMPORT","SYNTHETIC-DO-NOT-IMPORT","","SYNTHETIC-DO-NOT-IMPORT","SYNTHETIC-DO-NOT-IMPORT","SYNTHETIC-DO-NOT-IMPORT","SYNTHETIC-DO-NOT-IMPORT","SYNTHETIC-DO-NOT-IMPORT","SYNTHETIC-DO-NOT-IMPORT","SYNTHETIC-DO-NOT-IMPORT","SYNTHETIC-DO-NOT-IMPORT","9496","","KESTRELWYN AVE          ","","","DALLAS                  ","752300007","","SYN07                   ","SYNTHETIC-DO-NOT-IMPORT","SYNTHETIC-DO-NOT-IMPORT","SYNTHETIC-DO-NOT-IMPORT","SYNTHETIC-DO-NOT-IMPORT","SYNTHETIC-DO-NOT-IMPORT","","SYN000007               ","SYNTHETIC-DO-NOT-IMPORT"
"99000000000000009","2026","RES                     ","SYNTHETIC-DO-NOT-IMPORT","SYNTHETIC-DO-NOT-IMPORT","SYNTHETIC-DO-NOT-IMPORT","","SYNTHETIC-DO-NOT-IMPORT","SYNTHETIC-DO-NOT-IMPORT","SYNTHETIC-DO-NOT-IMPORT","SYNTHETIC-DO-NOT-IMPORT","SYNTHETIC-DO-NOT-IMPORT","SYNTHETIC-DO-NOT-IMPORT","SYNTHETIC-DO-NOT-IMPORT","SYNTHETIC-DO-NOT-IMPORT","6819","","SABLEWICK TRL           ","","","DALLAS                  ","752140008","","SYN08                   ","SYNTHETIC-DO-NOT-IMPORT","SYNTHETIC-DO-NOT-IMPORT","SYNTHETIC-DO-NOT-IMPORT","SYNTHETIC-DO-NOT-IMPORT","SYNTHETIC-DO-NOT-IMPORT","","SYN000008               ","SYNTHETIC-DO-NOT-IMPORT"
"99000000000000010","2026","RES                     ","SYNTHETIC-DO-NOT-IMPORT","SYNTHETIC-DO-NOT-IMPORT","SYNTHETIC-DO-NOT-IMPORT","","SYNTHETIC-DO-NOT-IMPORT","SYNTHETIC-DO-NOT-IMPORT","SYNTHETIC-DO-NOT-IMPORT","SYNTHETIC-DO-NOT-IMPORT","SYNTHETIC-DO-NOT-IMPORT","SYNTHETIC-DO-NOT-IMPORT","SYNTHETIC-DO-NOT-IMPORT","SYNTHETIC-DO-NOT-IMPORT","1348","","FENWYCK AVE             ","","","DALLAS                  ","752060009","","SYN00                   ","SYNTHETIC-DO-NOT-IMPORT","SYNTHETIC-DO-NOT-IMPORT","SYNTHETIC-DO-NOT-IMPORT","SYNTHETIC-DO-NOT-IMPORT","SYNTHETIC-DO-NOT-IMPORT","","SYN000009               ","SYNTHETIC-DO-NOT-IMPORT"
"99000000000000011","2026","RES                     ","SYNTHETIC-DO-NOT-IMPORT","SYNTHETIC-DO-NOT-IMPORT","SYNTHETIC-DO-NOT-IMPORT","","SYNTHETIC-DO-NOT-IMPORT","SYNTHETIC-DO-NOT-IMPORT","SYNTHETIC-DO-NOT-IMPORT","SYNTHETIC-DO-NOT-IMPORT","SYNTHETIC-DO-NOT-IMPORT","SYNTHETIC-DO-NOT-IMPORT","SYNTHETIC-DO-NOT-IMPORT","SYNTHETIC-DO-NOT-IMPORT","1053","","VINTRELOW ST            ","","","DALLAS                  ","752090010","","SYN01                   ","SYNTHETIC-DO-NOT-IMPORT","SYNTHETIC-DO-NOT-IMPORT","SYNTHETIC-DO-NOT-IMPORT","SYNTHETIC-DO-NOT-IMPORT","SYNTHETIC-DO-NOT-IMPORT","","SYN000010               ","SYNTHETIC-DO-NOT-IMPORT"
"99000000000000012","2026","RES                     ","SYNTHETIC-DO-NOT-IMPORT","SYNTHETIC-DO-NOT-IMPORT","SYNTHETIC-DO-NOT-IMPORT","","SYNTHETIC-DO-NOT-IMPORT","SYNTHETIC-DO-NOT-IMPORT","SYNTHETIC-DO-NOT-IMPORT","SYNTHETIC-DO-NOT-IMPORT","SYNTHETIC-DO-NOT-IMPORT","SYNTHETIC-DO-NOT-IMPORT","SYNTHETIC-DO-NOT-IMPORT","SYNTHETIC-DO-NOT-IMPORT","6592","","SABLEWICK DR            ","","","DALLAS                  ","752180011","","SYN02                   ","SYNTHETIC-DO-NOT-IMPORT","SYNTHETIC-DO-NOT-IMPORT","SYNTHETIC-DO-NOT-IMPORT","SYNTHETIC-DO-NOT-IMPORT","SYNTHETIC-DO-NOT-IMPORT","","SYN000011               ","SYNTHETIC-DO-NOT-IMPORT"
"99000000000000013","2026","RES                     ","SYNTHETIC-DO-NOT-IMPORT","SYNTHETIC-DO-NOT-IMPORT","SYNTHETIC-DO-NOT-IMPORT","","SYNTHETIC-DO-NOT-IMPORT","SYNTHETIC-DO-NOT-IMPORT","SYNTHETIC-DO-NOT-IMPORT","SYNTHETIC-DO-NOT-IMPORT","SYNTHETIC-DO-NOT-IMPORT","SYNTHETIC-DO-NOT-IMPORT","SYNTHETIC-DO-NOT-IMPORT","SYNTHETIC-DO-NOT-IMPORT","2969","","ELDERQUIST LN           ","","","DALLAS                  ","752200012","","SYN03                   ","SYNTHETIC-DO-NOT-IMPORT","SYNTHETIC-DO-NOT-IMPORT","SYNTHETIC-DO-NOT-IMPORT","SYNTHETIC-DO-NOT-IMPORT","SYNTHETIC-DO-NOT-IMPORT","","SYN000012               ","SYNTHETIC-DO-NOT-IMPORT"
"99000000000000014","2026","RES                     ","SYNTHETIC-DO-NOT-IMPORT","SYNTHETIC-DO-NOT-IMPORT","SYNTHETIC-DO-NOT-IMPORT","","SYNTHETIC-DO-NOT-IMPORT","SYNTHETIC-DO-NOT-IMPORT","SYNTHETIC-DO-NOT-IMPORT","SYNTHETIC-DO-NOT-IMPORT","SYNTHETIC-DO-NOT-IMPORT","SYNTHETIC-DO-NOT-IMPORT","SYNTHETIC-DO-NOT-IMPORT","SYNTHETIC-DO-NOT-IMPORT","5754","","ELDERQUIST PL           ","","","DALLAS                  ","752230013","","SYN04                   ","SYNTHETIC-DO-NOT-IMPORT","SYNTHETIC-DO-NOT-IMPORT","SYNTHETIC-DO-NOT-IMPORT","SYNTHETIC-DO-NOT-IMPORT","SYNTHETIC-DO-NOT-IMPORT","","SYN000013               ","SYNTHETIC-DO-NOT-IMPORT"
"99000000000000015","2026","RES                     ","SYNTHETIC-DO-NOT-IMPORT","SYNTHETIC-DO-NOT-IMPORT","SYNTHETIC-DO-NOT-IMPORT","","SYNTHETIC-DO-NOT-IMPORT","SYNTHETIC-DO-NOT-IMPORT","SYNTHETIC-DO-NOT-IMPORT","SYNTHETIC-DO-NOT-IMPORT","SYNTHETIC-DO-NOT-IMPORT","SYNTHETIC-DO-NOT-IMPORT","SYNTHETIC-DO-NOT-IMPORT","SYNTHETIC-DO-NOT-IMPORT","554","","OSTRAVELLE DR           ","","","DALLAS                  ","752280014","","SYN05                   ","SYNTHETIC-DO-NOT-IMPORT","SYNTHETIC-DO-NOT-IMPORT","SYNTHETIC-DO-NOT-IMPORT","SYNTHETIC-DO-NOT-IMPORT","SYNTHETIC-DO-NOT-IMPORT","","SYN000014               ","SYNTHETIC-DO-NOT-IMPORT"
"99000000000000016","2026","RES                     ","SYNTHETIC-DO-NOT-IMPORT","SYNTHETIC-DO-NOT-IMPORT","SYNTHETIC-DO-NOT-IMPORT","","SYNTHETIC-DO-NOT-IMPORT","SYNTHETIC-DO-NOT-IMPORT","SYNTHETIC-DO-NOT-IMPORT","SYNTHETIC-DO-NOT-IMPORT","SYNTHETIC-DO-NOT-IMPORT","SYNTHETIC-DO-NOT-IMPORT","SYNTHETIC-DO-NOT-IMPORT","SYNTHETIC-DO-NOT-IMPORT","1992","","MARLOWMERE ST           ","","","DALLAS                  ","752300015","","SYN06                   ","SYNTHETIC-DO-NOT-IMPORT","SYNTHETIC-DO-NOT-IMPORT","SYNTHETIC-DO-NOT-IMPORT","SYNTHETIC-DO-NOT-IMPORT","SYNTHETIC-DO-NOT-IMPORT","","SYN000015               ","SYNTHETIC-DO-NOT-IMPORT"
"99000000000000017","2026","RES                     ","SYNTHETIC-DO-NOT-IMPORT","SYNTHETIC-DO-NOT-IMPORT","SYNTHETIC-DO-NOT-IMPORT","","SYNTHETIC-DO-NOT-IMPORT","SYNTHETIC-DO-NOT-IMPORT","SYNTHETIC-DO-NOT-IMPORT","SYNTHETIC-DO-NOT-IMPORT","SYNTHETIC-DO-NOT-IMPORT","SYNTHETIC-DO-NOT-IMPORT","SYNTHETIC-DO-NOT-IMPORT","SYNTHETIC-DO-NOT-IMPORT","8210","","QUENDERBY DR            ","","","DALLAS                  ","752140016","","SYN07                   ","SYNTHETIC-DO-NOT-IMPORT","SYNTHETIC-DO-NOT-IMPORT","SYNTHETIC-DO-NOT-IMPORT","SYNTHETIC-DO-NOT-IMPORT","SYNTHETIC-DO-NOT-IMPORT","","SYN000016               ","SYNTHETIC-DO-NOT-IMPORT"
"99000000000000018","2026","RES                     ","SYNTHETIC-DO-NOT-IMPORT","SYNTHETIC-DO-NOT-IMPORT","SYNTHETIC-DO-NOT-IMPORT","","SYNTHETIC-DO-NOT-IMPORT","SYNTHETIC-DO-NOT-IMPORT","SYNTHETIC-DO-NOT-IMPORT","SYNTHETIC-DO-NOT-IMPORT","SYNTHETIC-DO-NOT-IMPORT","SYNTHETIC-DO-NOT-IMPORT","SYNTHETIC-DO-NOT-IMPORT","SYNTHETIC-DO-NOT-IMPORT","3526","","ASHENFOLD PL            ","","","DALLAS                  ","752060017","","SYN08                   ","SYNTHETIC-DO-NOT-IMPORT","SYNTHETIC-DO-NOT-IMPORT","SYNTHETIC-DO-NOT-IMPORT","SYNTHETIC-DO-NOT-IMPORT","SYNTHETIC-DO-NOT-IMPORT","","SYN000017               ","SYNTHETIC-DO-NOT-IMPORT"
"99000000000000019","2026","RES                     ","SYNTHETIC-DO-NOT-IMPORT","SYNTHETIC-DO-NOT-IMPORT","SYNTHETIC-DO-NOT-IMPORT","","SYNTHETIC-DO-NOT-IMPORT","SYNTHETIC-DO-NOT-IMPORT","SYNTHETIC-DO-NOT-IMPORT","SYNTHETIC-DO-NOT-IMPORT","SYNTHETIC-DO-NOT-IMPORT","SYNTHETIC-DO-NOT-IMPORT","SYNTHETIC-DO-NOT-IMPORT","SYNTHETIC-DO-NOT-IMPORT","1120","","FENWYCK TRL             ","","","DALLAS                  ","752090018","","SYN00                   ","SYNTHETIC-DO-NOT-IMPORT","SYNTHETIC-DO-NOT-IMPORT","SYNTHETIC-DO-NOT-IMPORT","SYNTHETIC-DO-NOT-IMPORT","SYNTHETIC-DO-NOT-IMPORT","","SYN000018               ","SYNTHETIC-DO-NOT-IMPORT"
"99000000000000020","2026","RES                     ","SYNTHETIC-DO-NOT-IMPORT","SYNTHETIC-DO-NOT-IMPORT","SYNTHETIC-DO-NOT-IMPORT","","SYNTHETIC-DO-NOT-IMPORT","SYNTHETIC-DO-NOT-IMPORT","SYNTHETIC-DO-NOT-IMPORT","SYNTHETIC-DO-NOT-IMPORT","SYNTHETIC-DO-NOT-IMPORT","SYNTHETIC-DO-NOT-IMPORT","SYNTHETIC-DO-NOT-IMPORT","SYNTHETIC-DO-NOT-IMPORT","9806","","OSTRAVELLE LN           ","","","DALLAS                  ","752180019","","SYN01                   ","SYNTHETIC-DO-NOT-IMPORT","SYNTHETIC-DO-NOT-IMPORT","SYNTHETIC-DO-NOT-IMPORT","SYNTHETIC-DO-NOT-IMPORT","SYNTHETIC-DO-NOT-IMPORT","","SYN000019               ","SYNTHETIC-DO-NOT-IMPORT"
"99000000000000021","2026","RES                     ","SYNTHETIC-DO-NOT-IMPORT","SYNTHETIC-DO-NOT-IMPORT","SYNTHETIC-DO-NOT-IMPORT","","SYNTHETIC-DO-NOT-IMPORT","SYNTHETIC-DO-NOT-IMPORT","SYNTHETIC-DO-NOT-IMPORT","SYNTHETIC-DO-NOT-IMPORT","SYNTHETIC-DO-NOT-IMPORT","SYNTHETIC-DO-NOT-IMPORT","SYNTHETIC-DO-NOT-IMPORT","SYNTHETIC-DO-NOT-IMPORT","3692","","OSTRAVELLE DR           ","","","DALLAS                  ","752200020","","SYN02                   ","SYNTHETIC-DO-NOT-IMPORT","SYNTHETIC-DO-NOT-IMPORT","SYNTHETIC-DO-NOT-IMPORT","SYNTHETIC-DO-NOT-IMPORT","SYNTHETIC-DO-NOT-IMPORT","","SYN000020               ","SYNTHETIC-DO-NOT-IMPORT"
"99000000000000022","2026","RES                     ","SYNTHETIC-DO-NOT-IMPORT","SYNTHETIC-DO-NOT-IMPORT","SYNTHETIC-DO-NOT-IMPORT","","SYNTHETIC-DO-NOT-IMPORT","SYNTHETIC-DO-NOT-IMPORT","SYNTHETIC-DO-NOT-IMPORT","SYNTHETIC-DO-NOT-IMPORT","SYNTHETIC-DO-NOT-IMPORT","SYNTHETIC-DO-NOT-IMPORT","SYNTHETIC-DO-NOT-IMPORT","SYNTHETIC-DO-NOT-IMPORT","1497","","ASHENFOLD ST            ","","","DALLAS                  ","752230021","","SYN03                   ","SYNTHETIC-DO-NOT-IMPORT","SYNTHETIC-DO-NOT-IMPORT","SYNTHETIC-DO-NOT-IMPORT","SYNTHETIC-DO-NOT-IMPORT","SYNTHETIC-DO-NOT-IMPORT","","SYN000021               ","SYNTHETIC-DO-NOT-IMPORT"
"99000000000000023","2026","RES                     ","SYNTHETIC-DO-NOT-IMPORT","SYNTHETIC-DO-NOT-IMPORT","SYNTHETIC-DO-NOT-IMPORT","","SYNTHETIC-DO-NOT-IMPORT","SYNTHETIC-DO-NOT-IMPORT","SYNTHETIC-DO-NOT-IMPORT","SYNTHETIC-DO-NOT-IMPORT","SYNTHETIC-DO-NOT-IMPORT","SYNTHETIC-DO-NOT-IMPORT","SYNTHETIC-DO-NOT-IMPORT","SYNTHETIC-DO-NOT-IMPORT","7642","","ZEPHRANE PL             ","","","DALLAS                  ","752280022","","SYN04                   ","SYNTHETIC-DO-NOT-IMPORT","SYNTHETIC-DO-NOT-IMPORT","SYNTHETIC-DO-NOT-IMPORT","SYNTHETIC-DO-NOT-IMPORT","SYNTHETIC-DO-NOT-IMPORT","","SYN000022               ","SYNTHETIC-DO-NOT-IMPORT"
"99000000000000024","2026","RES                     ","SYNTHETIC-DO-NOT-IMPORT","SYNTHETIC-DO-NOT-IMPORT","SYNTHETIC-DO-NOT-IMPORT","","SYNTHETIC-DO-NOT-IMPORT","SYNTHETIC-DO-NOT-IMPORT","SYNTHETIC-DO-NOT-IMPORT","SYNTHETIC-DO-NOT-IMPORT","SYNTHETIC-DO-NOT-IMPORT","SYNTHETIC-DO-NOT-IMPORT","SYNTHETIC-DO-NOT-IMPORT","SYNTHETIC-DO-NOT-IMPORT","5394","","ASHENFOLD DR            ","","","DALLAS                  ","752300023","","SYN05                   ","SYNTHETIC-DO-NOT-IMPORT","SYNTHETIC-DO-NOT-IMPORT","SYNTHETIC-DO-NOT-IMPORT","SYNTHETIC-DO-NOT-IMPORT","SYNTHETIC-DO-NOT-IMPORT","","SYN000023               ","SYNTHETIC-DO-NOT-IMPORT"
"99000000000000025","2026","RES                     ","SYNTHETIC-DO-NOT-IMPORT","SYNTHETIC-DO-NOT-IMPORT","SYNTHETIC-DO-NOT-IMPORT","","SYNTHETIC-DO-NOT-IMPORT","SYNTHETIC-DO-NOT-IMPORT","SYNTHETIC-DO-NOT-IMPORT","SYNTHETIC-DO-NOT-IMPORT","SYNTHETIC-DO-NOT-IMPORT","SYNTHETIC-DO-NOT-IMPORT","SYNTHETIC-DO-NOT-IMPORT","SYNTHETIC-DO-NOT-IMPORT","8002","","ASHENFOLD CT            ","","","DALLAS                  ","752140024","","SYN06                   ","SYNTHETIC-DO-NOT-IMPORT","SYNTHETIC-DO-NOT-IMPORT","SYNTHETIC-DO-NOT-IMPORT","SYNTHETIC-DO-NOT-IMPORT","SYNTHETIC-DO-NOT-IMPORT","","SYN000024               ","SYNTHETIC-DO-NOT-IMPORT"
"99000000000000026","2026","RES                     ","SYNTHETIC-DO-NOT-IMPORT","SYNTHETIC-DO-NOT-IMPORT","SYNTHETIC-DO-NOT-IMPORT","","SYNTHETIC-DO-NOT-IMPORT","SYNTHETIC-DO-NOT-IMPORT","SYNTHETIC-DO-NOT-IMPORT","SYNTHETIC-DO-NOT-IMPORT","SYNTHETIC-DO-NOT-IMPORT","SYNTHETIC-DO-NOT-IMPORT","SYNTHETIC-DO-NOT-IMPORT","SYNTHETIC-DO-NOT-IMPORT","6568","","ELDERQUIST PL           ","","","DALLAS                  ","752060025","","SYN07                   ","SYNTHETIC-DO-NOT-IMPORT","SYNTHETIC-DO-NOT-IMPORT","SYNTHETIC-DO-NOT-IMPORT","SYNTHETIC-DO-NOT-IMPORT","SYNTHETIC-DO-NOT-IMPORT","","SYN000025               ","SYNTHETIC-DO-NOT-IMPORT"
"99000000000000027","2026","RES                     ","SYNTHETIC-DO-NOT-IMPORT","SYNTHETIC-DO-NOT-IMPORT","SYNTHETIC-DO-NOT-IMPORT","","SYNTHETIC-DO-NOT-IMPORT","SYNTHETIC-DO-NOT-IMPORT","SYNTHETIC-DO-NOT-IMPORT","SYNTHETIC-DO-NOT-IMPORT","SYNTHETIC-DO-NOT-IMPORT","SYNTHETIC-DO-NOT-IMPORT","SYNTHETIC-DO-NOT-IMPORT","SYNTHETIC-DO-NOT-IMPORT","2915","","QUILLMERE CT            ","","","DALLAS                  ","752090026","","SYN08                   ","SYNTHETIC-DO-NOT-IMPORT","SYNTHETIC-DO-NOT-IMPORT","SYNTHETIC-DO-NOT-IMPORT","SYNTHETIC-DO-NOT-IMPORT","SYNTHETIC-DO-NOT-IMPORT","","SYN000026               ","SYNTHETIC-DO-NOT-IMPORT"
"99000000000000028","2026","RES                     ","SYNTHETIC-DO-NOT-IMPORT","SYNTHETIC-DO-NOT-IMPORT","SYNTHETIC-DO-NOT-IMPORT","","SYNTHETIC-DO-NOT-IMPORT","SYNTHETIC-DO-NOT-IMPORT","SYNTHETIC-DO-NOT-IMPORT","SYNTHETIC-DO-NOT-IMPORT","SYNTHETIC-DO-NOT-IMPORT","SYNTHETIC-DO-NOT-IMPORT","SYNTHETIC-DO-NOT-IMPORT","SYNTHETIC-DO-NOT-IMPORT","9766","","ZEPHRANE AVE            ","","","DALLAS                  ","752180027","","SYN00                   ","SYNTHETIC-DO-NOT-IMPORT","SYNTHETIC-DO-NOT-IMPORT","SYNTHETIC-DO-NOT-IMPORT","SYNTHETIC-DO-NOT-IMPORT","SYNTHETIC-DO-NOT-IMPORT","","SYN000027               ","SYNTHETIC-DO-NOT-IMPORT"
"99000000000000029","2026","RES                     ","SYNTHETIC-DO-NOT-IMPORT","SYNTHETIC-DO-NOT-IMPORT","SYNTHETIC-DO-NOT-IMPORT","","SYNTHETIC-DO-NOT-IMPORT","SYNTHETIC-DO-NOT-IMPORT","SYNTHETIC-DO-NOT-IMPORT","SYNTHETIC-DO-NOT-IMPORT","SYNTHETIC-DO-NOT-IMPORT","SYNTHETIC-DO-NOT-IMPORT","SYNTHETIC-DO-NOT-IMPORT","SYNTHETIC-DO-NOT-IMPORT","5808","","CORVANE ST              ","","","DALLAS                  ","752200028","","SYN01                   ","SYNTHETIC-DO-NOT-IMPORT","SYNTHETIC-DO-NOT-IMPORT","SYNTHETIC-DO-NOT-IMPORT","SYNTHETIC-DO-NOT-IMPORT","SYNTHETIC-DO-NOT-IMPORT","","SYN000028               ","SYNTHETIC-DO-NOT-IMPORT"
"99000000000000030","2026","RES                     ","SYNTHETIC-DO-NOT-IMPORT","SYNTHETIC-DO-NOT-IMPORT","SYNTHETIC-DO-NOT-IMPORT","","SYNTHETIC-DO-NOT-IMPORT","SYNTHETIC-DO-NOT-IMPORT","SYNTHETIC-DO-NOT-IMPORT","SYNTHETIC-DO-NOT-IMPORT","SYNTHETIC-DO-NOT-IMPORT","SYNTHETIC-DO-NOT-IMPORT","SYNTHETIC-DO-NOT-IMPORT","SYNTHETIC-DO-NOT-IMPORT","6502","","SABLEWICK TRL           ","","","DALLAS                  ","752230029","","SYN02                   ","SYNTHETIC-DO-NOT-IMPORT","SYNTHETIC-DO-NOT-IMPORT","SYNTHETIC-DO-NOT-IMPORT","SYNTHETIC-DO-NOT-IMPORT","SYNTHETIC-DO-NOT-IMPORT","","SYN000029               ","SYNTHETIC-DO-NOT-IMPORT"
"99000000000000031","2026","RES                     ","SYNTHETIC-DO-NOT-IMPORT","SYNTHETIC-DO-NOT-IMPORT","SYNTHETIC-DO-NOT-IMPORT","","SYNTHETIC-DO-NOT-IMPORT","SYNTHETIC-DO-NOT-IMPORT","SYNTHETIC-DO-NOT-IMPORT","SYNTHETIC-DO-NOT-IMPORT","SYNTHETIC-DO-NOT-IMPORT","SYNTHETIC-DO-NOT-IMPORT","SYNTHETIC-DO-NOT-IMPORT","SYNTHETIC-DO-NOT-IMPORT","8225","","ZEPHRANE ST             ","","","DALLAS                  ","752280030","","SYN03                   ","SYNTHETIC-DO-NOT-IMPORT","SYNTHETIC-DO-NOT-IMPORT","SYNTHETIC-DO-NOT-IMPORT","SYNTHETIC-DO-NOT-IMPORT","SYNTHETIC-DO-NOT-IMPORT","","SYN000030               ","SYNTHETIC-DO-NOT-IMPORT"
"99000000000000032","2026","RES                     ","SYNTHETIC-DO-NOT-IMPORT","SYNTHETIC-DO-NOT-IMPORT","SYNTHETIC-DO-NOT-IMPORT","","SYNTHETIC-DO-NOT-IMPORT","SYNTHETIC-DO-NOT-IMPORT","SYNTHETIC-DO-NOT-IMPORT","SYNTHETIC-DO-NOT-IMPORT","SYNTHETIC-DO-NOT-IMPORT","SYNTHETIC-DO-NOT-IMPORT","SYNTHETIC-DO-NOT-IMPORT","SYNTHETIC-DO-NOT-IMPORT","544","","ZEPHRANE DR             ","","","DALLAS                  ","752300031","","SYN04                   ","SYNTHETIC-DO-NOT-IMPORT","SYNTHETIC-DO-NOT-IMPORT","SYNTHETIC-DO-NOT-IMPORT","SYNTHETIC-DO-NOT-IMPORT","SYNTHETIC-DO-NOT-IMPORT","","SYN000031               ","SYNTHETIC-DO-NOT-IMPORT"
"99000000000000033","2026","RES                     ","SYNTHETIC-DO-NOT-IMPORT","SYNTHETIC-DO-NOT-IMPORT","SYNTHETIC-DO-NOT-IMPORT","","SYNTHETIC-DO-NOT-IMPORT","SYNTHETIC-DO-NOT-IMPORT","SYNTHETIC-DO-NOT-IMPORT","SYNTHETIC-DO-NOT-IMPORT","SYNTHETIC-DO-NOT-IMPORT","SYNTHETIC-DO-NOT-IMPORT","SYNTHETIC-DO-NOT-IMPORT","SYNTHETIC-DO-NOT-IMPORT","4991","","BRAMBLECOTE AVE         ","","","DALLAS                  ","752140032","","SYN05                   ","SYNTHETIC-DO-NOT-IMPORT","SYNTHETIC-DO-NOT-IMPORT","SYNTHETIC-DO-NOT-IMPORT","SYNTHETIC-DO-NOT-IMPORT","SYNTHETIC-DO-NOT-IMPORT","","SYN000032               ","SYNTHETIC-DO-NOT-IMPORT"
"99000000000000034","2026","RES                     ","SYNTHETIC-DO-NOT-IMPORT","SYNTHETIC-DO-NOT-IMPORT","SYNTHETIC-DO-NOT-IMPORT","","SYNTHETIC-DO-NOT-IMPORT","SYNTHETIC-DO-NOT-IMPORT","SYNTHETIC-DO-NOT-IMPORT","SYNTHETIC-DO-NOT-IMPORT","SYNTHETIC-DO-NOT-IMPORT","SYNTHETIC-DO-NOT-IMPORT","SYNTHETIC-DO-NOT-IMPORT","SYNTHETIC-DO-NOT-IMPORT","398","","MARLOWMERE DR           ","","","DALLAS                  ","752060033","","SYN06                   ","SYNTHETIC-DO-NOT-IMPORT","SYNTHETIC-DO-NOT-IMPORT","SYNTHETIC-DO-NOT-IMPORT","SYNTHETIC-DO-NOT-IMPORT","SYNTHETIC-DO-NOT-IMPORT","","SYN000033               ","SYNTHETIC-DO-NOT-IMPORT"
"99000000000000035","2026","RES                     ","SYNTHETIC-DO-NOT-IMPORT","SYNTHETIC-DO-NOT-IMPORT","SYNTHETIC-DO-NOT-IMPORT","","SYNTHETIC-DO-NOT-IMPORT","SYNTHETIC-DO-NOT-IMPORT","SYNTHETIC-DO-NOT-IMPORT","SYNTHETIC-DO-NOT-IMPORT","SYNTHETIC-DO-NOT-IMPORT","SYNTHETIC-DO-NOT-IMPORT","SYNTHETIC-DO-NOT-IMPORT","SYNTHETIC-DO-NOT-IMPORT","5510","","QUILLMERE TRL           ","","","DALLAS                  ","752090034","","SYN07                   ","SYNTHETIC-DO-NOT-IMPORT","SYNTHETIC-DO-NOT-IMPORT","SYNTHETIC-DO-NOT-IMPORT","SYNTHETIC-DO-NOT-IMPORT","SYNTHETIC-DO-NOT-IMPORT","","SYN000034               ","SYNTHETIC-DO-NOT-IMPORT"
"99000000000000036","2026","RES                     ","SYNTHETIC-DO-NOT-IMPORT","SYNTHETIC-DO-NOT-IMPORT","SYNTHETIC-DO-NOT-IMPORT","","SYNTHETIC-DO-NOT-IMPORT","SYNTHETIC-DO-NOT-IMPORT","SYNTHETIC-DO-NOT-IMPORT","SYNTHETIC-DO-NOT-IMPORT","SYNTHETIC-DO-NOT-IMPORT","SYNTHETIC-DO-NOT-IMPORT","SYNTHETIC-DO-NOT-IMPORT","SYNTHETIC-DO-NOT-IMPORT","559","","ASHENFOLD AVE           ","","","DALLAS                  ","752180035","","SYN08                   ","SYNTHETIC-DO-NOT-IMPORT","SYNTHETIC-DO-NOT-IMPORT","SYNTHETIC-DO-NOT-IMPORT","SYNTHETIC-DO-NOT-IMPORT","SYNTHETIC-DO-NOT-IMPORT","","SYN000035               ","SYNTHETIC-DO-NOT-IMPORT"
"99000000000000037","2026","RES                     ","SYNTHETIC-DO-NOT-IMPORT","SYNTHETIC-DO-NOT-IMPORT","SYNTHETIC-DO-NOT-IMPORT","","SYNTHETIC-DO-NOT-IMPORT","SYNTHETIC-DO-NOT-IMPORT","SYNTHETIC-DO-NOT-IMPORT","SYNTHETIC-DO-NOT-IMPORT","SYNTHETIC-DO-NOT-IMPORT","SYNTHETIC-DO-NOT-IMPORT","SYNTHETIC-DO-NOT-IMPORT","SYNTHETIC-DO-NOT-IMPORT","9529","","VINTRELOW LN            ","","","DALLAS                  ","752200036","","SYN00                   ","SYNTHETIC-DO-NOT-IMPORT","SYNTHETIC-DO-NOT-IMPORT","SYNTHETIC-DO-NOT-IMPORT","SYNTHETIC-DO-NOT-IMPORT","SYNTHETIC-DO-NOT-IMPORT","","SYN000036               ","SYNTHETIC-DO-NOT-IMPORT"
"99000000000000038","2026","RES                     ","SYNTHETIC-DO-NOT-IMPORT","SYNTHETIC-DO-NOT-IMPORT","SYNTHETIC-DO-NOT-IMPORT","","SYNTHETIC-DO-NOT-IMPORT","SYNTHETIC-DO-NOT-IMPORT","SYNTHETIC-DO-NOT-IMPORT","SYNTHETIC-DO-NOT-IMPORT","SYNTHETIC-DO-NOT-IMPORT","SYNTHETIC-DO-NOT-IMPORT","SYNTHETIC-DO-NOT-IMPORT","SYNTHETIC-DO-NOT-IMPORT","7305","","FENWYCK AVE             ","","","DALLAS                  ","752230037","","SYN01                   ","SYNTHETIC-DO-NOT-IMPORT","SYNTHETIC-DO-NOT-IMPORT","SYNTHETIC-DO-NOT-IMPORT","SYNTHETIC-DO-NOT-IMPORT","SYNTHETIC-DO-NOT-IMPORT","","SYN000037               ","SYNTHETIC-DO-NOT-IMPORT"
"99000000000000039","2026","RES                     ","SYNTHETIC-DO-NOT-IMPORT","SYNTHETIC-DO-NOT-IMPORT","SYNTHETIC-DO-NOT-IMPORT","","SYNTHETIC-DO-NOT-IMPORT","SYNTHETIC-DO-NOT-IMPORT","SYNTHETIC-DO-NOT-IMPORT","SYNTHETIC-DO-NOT-IMPORT","SYNTHETIC-DO-NOT-IMPORT","SYNTHETIC-DO-NOT-IMPORT","SYNTHETIC-DO-NOT-IMPORT","SYNTHETIC-DO-NOT-IMPORT","6100","","VALDERMERE LN           ","","","DALLAS                  ","752280038","","SYN02                   ","SYNTHETIC-DO-NOT-IMPORT","SYNTHETIC-DO-NOT-IMPORT","SYNTHETIC-DO-NOT-IMPORT","SYNTHETIC-DO-NOT-IMPORT","SYNTHETIC-DO-NOT-IMPORT","","SYN000038               ","SYNTHETIC-DO-NOT-IMPORT"
"99000000000000040","2026","RES                     ","SYNTHETIC-DO-NOT-IMPORT","SYNTHETIC-DO-NOT-IMPORT","SYNTHETIC-DO-NOT-IMPORT","","SYNTHETIC-DO-NOT-IMPORT","SYNTHETIC-DO-NOT-IMPORT","SYNTHETIC-DO-NOT-IMPORT","SYNTHETIC-DO-NOT-IMPORT","SYNTHETIC-DO-NOT-IMPORT","SYNTHETIC-DO-NOT-IMPORT","SYNTHETIC-DO-NOT-IMPORT","SYNTHETIC-DO-NOT-IMPORT","8522","","FENWYCK ST              ","","","DALLAS                  ","752300039","","SYN03                   ","SYNTHETIC-DO-NOT-IMPORT","SYNTHETIC-DO-NOT-IMPORT","SYNTHETIC-DO-NOT-IMPORT","SYNTHETIC-DO-NOT-IMPORT","SYNTHETIC-DO-NOT-IMPORT","","SYN000039               ","SYNTHETIC-DO-NOT-IMPORT"
"99000000000000041","2026","RES                     ","SYNTHETIC-DO-NOT-IMPORT","SYNTHETIC-DO-NOT-IMPORT","SYNTHETIC-DO-NOT-IMPORT","","SYNTHETIC-DO-NOT-IMPORT","SYNTHETIC-DO-NOT-IMPORT","SYNTHETIC-DO-NOT-IMPORT","SYNTHETIC-DO-NOT-IMPORT","SYNTHETIC-DO-NOT-IMPORT","SYNTHETIC-DO-NOT-IMPORT","SYNTHETIC-DO-NOT-IMPORT","SYNTHETIC-DO-NOT-IMPORT","1406","","MARLOWMERE ST           ","","","DALLAS                  ","752140040","","SYN04                   ","SYNTHETIC-DO-NOT-IMPORT","SYNTHETIC-DO-NOT-IMPORT","SYNTHETIC-DO-NOT-IMPORT","SYNTHETIC-DO-NOT-IMPORT","SYNTHETIC-DO-NOT-IMPORT","","SYN000040               ","SYNTHETIC-DO-NOT-IMPORT"
"99000000000000042","2026","RES                     ","SYNTHETIC-DO-NOT-IMPORT","SYNTHETIC-DO-NOT-IMPORT","SYNTHETIC-DO-NOT-IMPORT","","SYNTHETIC-DO-NOT-IMPORT","SYNTHETIC-DO-NOT-IMPORT","SYNTHETIC-DO-NOT-IMPORT","SYNTHETIC-DO-NOT-IMPORT","SYNTHETIC-DO-NOT-IMPORT","SYNTHETIC-DO-NOT-IMPORT","SYNTHETIC-DO-NOT-IMPORT","SYNTHETIC-DO-NOT-IMPORT","8612","","DUNMORROW ST            ","","","DALLAS                  ","752060041","","SYN05                   ","SYNTHETIC-DO-NOT-IMPORT","SYNTHETIC-DO-NOT-IMPORT","SYNTHETIC-DO-NOT-IMPORT","SYNTHETIC-DO-NOT-IMPORT","SYNTHETIC-DO-NOT-IMPORT","","SYN000041               ","SYNTHETIC-DO-NOT-IMPORT"
"99000000000000043","2026","RES                     ","SYNTHETIC-DO-NOT-IMPORT","SYNTHETIC-DO-NOT-IMPORT","SYNTHETIC-DO-NOT-IMPORT","","SYNTHETIC-DO-NOT-IMPORT","SYNTHETIC-DO-NOT-IMPORT","SYNTHETIC-DO-NOT-IMPORT","SYNTHETIC-DO-NOT-IMPORT","SYNTHETIC-DO-NOT-IMPORT","SYNTHETIC-DO-NOT-IMPORT","SYNTHETIC-DO-NOT-IMPORT","SYNTHETIC-DO-NOT-IMPORT","4377","","QUENDERBY LN            ","","","DALLAS                  ","752090042","","SYN06                   ","SYNTHETIC-DO-NOT-IMPORT","SYNTHETIC-DO-NOT-IMPORT","SYNTHETIC-DO-NOT-IMPORT","SYNTHETIC-DO-NOT-IMPORT","SYNTHETIC-DO-NOT-IMPORT","","SYN000042               ","SYNTHETIC-DO-NOT-IMPORT"
"99000000000000044","2026","RES                     ","SYNTHETIC-DO-NOT-IMPORT","SYNTHETIC-DO-NOT-IMPORT","SYNTHETIC-DO-NOT-IMPORT","","SYNTHETIC-DO-NOT-IMPORT","SYNTHETIC-DO-NOT-IMPORT","SYNTHETIC-DO-NOT-IMPORT","SYNTHETIC-DO-NOT-IMPORT","SYNTHETIC-DO-NOT-IMPORT","SYNTHETIC-DO-NOT-IMPORT","SYNTHETIC-DO-NOT-IMPORT","SYNTHETIC-DO-NOT-IMPORT","6491","","OSTRAVELLE LN           ","","","DALLAS                  ","752180043","","SYN07                   ","SYNTHETIC-DO-NOT-IMPORT","SYNTHETIC-DO-NOT-IMPORT","SYNTHETIC-DO-NOT-IMPORT","SYNTHETIC-DO-NOT-IMPORT","SYNTHETIC-DO-NOT-IMPORT","","SYN000043               ","SYNTHETIC-DO-NOT-IMPORT"
"99000000000000045","2026","RES                     ","SYNTHETIC-DO-NOT-IMPORT","SYNTHETIC-DO-NOT-IMPORT","SYNTHETIC-DO-NOT-IMPORT","","SYNTHETIC-DO-NOT-IMPORT","SYNTHETIC-DO-NOT-IMPORT","SYNTHETIC-DO-NOT-IMPORT","SYNTHETIC-DO-NOT-IMPORT","SYNTHETIC-DO-NOT-IMPORT","SYNTHETIC-DO-NOT-IMPORT","SYNTHETIC-DO-NOT-IMPORT","SYNTHETIC-DO-NOT-IMPORT","3882","","FENWYCK LN              ","","","DALLAS                  ","752200044","","SYN08                   ","SYNTHETIC-DO-NOT-IMPORT","SYNTHETIC-DO-NOT-IMPORT","SYNTHETIC-DO-NOT-IMPORT","SYNTHETIC-DO-NOT-IMPORT","SYNTHETIC-DO-NOT-IMPORT","","SYN000044               ","SYNTHETIC-DO-NOT-IMPORT"
"99000000000000046","2026","RES                     ","SYNTHETIC-DO-NOT-IMPORT","SYNTHETIC-DO-NOT-IMPORT","SYNTHETIC-DO-NOT-IMPORT","","SYNTHETIC-DO-NOT-IMPORT","SYNTHETIC-DO-NOT-IMPORT","SYNTHETIC-DO-NOT-IMPORT","SYNTHETIC-DO-NOT-IMPORT","SYNTHETIC-DO-NOT-IMPORT","SYNTHETIC-DO-NOT-IMPORT","SYNTHETIC-DO-NOT-IMPORT","SYNTHETIC-DO-NOT-IMPORT","4049","","QUENDERBY TRL           ","","","DALLAS                  ","752230045","","SYN00                   ","SYNTHETIC-DO-NOT-IMPORT","SYNTHETIC-DO-NOT-IMPORT","SYNTHETIC-DO-NOT-IMPORT","SYNTHETIC-DO-NOT-IMPORT","SYNTHETIC-DO-NOT-IMPORT","","SYN000045               ","SYNTHETIC-DO-NOT-IMPORT"
"99000000000000047","2026","RES                     ","SYNTHETIC-DO-NOT-IMPORT","SYNTHETIC-DO-NOT-IMPORT","SYNTHETIC-DO-NOT-IMPORT","","SYNTHETIC-DO-NOT-IMPORT","SYNTHETIC-DO-NOT-IMPORT","SYNTHETIC-DO-NOT-IMPORT","SYNTHETIC-DO-NOT-IMPORT","SYNTHETIC-DO-NOT-IMPORT","SYNTHETIC-DO-NOT-IMPORT","SYNTHETIC-DO-NOT-IMPORT","SYNTHETIC-DO-NOT-IMPORT","7494","","ZEPHRANE CT             ","","","DALLAS                  ","752280046","","SYN01                   ","SYNTHETIC-DO-NOT-IMPORT","SYNTHETIC-DO-NOT-IMPORT","SYNTHETIC-DO-NOT-IMPORT","SYNTHETIC-DO-NOT-IMPORT","SYNTHETIC-DO-NOT-IMPORT","","SYN000046               ","SYNTHETIC-DO-NOT-IMPORT"
"99000000000000048","2026","RES                     ","SYNTHETIC-DO-NOT-IMPORT","SYNTHETIC-DO-NOT-IMPORT","SYNTHETIC-DO-NOT-IMPORT","","SYNTHETIC-DO-NOT-IMPORT","SYNTHETIC-DO-NOT-IMPORT","SYNTHETIC-DO-NOT-IMPORT","SYNTHETIC-DO-NOT-IMPORT","SYNTHETIC-DO-NOT-IMPORT","SYNTHETIC-DO-NOT-IMPORT","SYNTHETIC-DO-NOT-IMPORT","SYNTHETIC-DO-NOT-IMPORT","5084","","BRAMBLECOTE PL          ","","","DALLAS                  ","752010047","","SYN02                   ","SYNTHETIC-DO-NOT-IMPORT","SYNTHETIC-DO-NOT-IMPORT","SYNTHETIC-DO-NOT-IMPORT","SYNTHETIC-DO-NOT-IMPORT","SYNTHETIC-DO-NOT-IMPORT","","SYN000047               ","SYNTHETIC-DO-NOT-IMPORT"
"99000000000000049","2026","RES                     ","SYNTHETIC-DO-NOT-IMPORT","SYNTHETIC-DO-NOT-IMPORT","SYNTHETIC-DO-NOT-IMPORT","","SYNTHETIC-DO-NOT-IMPORT","SYNTHETIC-DO-NOT-IMPORT","SYNTHETIC-DO-NOT-IMPORT","SYNTHETIC-DO-NOT-IMPORT","SYNTHETIC-DO-NOT-IMPORT","SYNTHETIC-DO-NOT-IMPORT","SYNTHETIC-DO-NOT-IMPORT","SYNTHETIC-DO-NOT-IMPORT","3325","","FENWYCK DR              ","","","DALLAS                  ","752400048","","SYN03                   ","SYNTHETIC-DO-NOT-IMPORT","SYNTHETIC-DO-NOT-IMPORT","SYNTHETIC-DO-NOT-IMPORT","SYNTHETIC-DO-NOT-IMPORT","SYNTHETIC-DO-NOT-IMPORT","","SYN000048               ","SYNTHETIC-DO-NOT-IMPORT"
"99000000000000050","2026","RES                     ","SYNTHETIC-DO-NOT-IMPORT","SYNTHETIC-DO-NOT-IMPORT","SYNTHETIC-DO-NOT-IMPORT","","SYNTHETIC-DO-NOT-IMPORT","SYNTHETIC-DO-NOT-IMPORT","SYNTHETIC-DO-NOT-IMPORT","SYNTHETIC-DO-NOT-IMPORT","SYNTHETIC-DO-NOT-IMPORT","SYNTHETIC-DO-NOT-IMPORT","SYNTHETIC-DO-NOT-IMPORT","SYNTHETIC-DO-NOT-IMPORT","9378","","ELDERQUIST ST           ","","","DALLAS                  ","752060049","","SYN04                   ","SYNTHETIC-DO-NOT-IMPORT","SYNTHETIC-DO-NOT-IMPORT","SYNTHETIC-DO-NOT-IMPORT","SYNTHETIC-DO-NOT-IMPORT","SYNTHETIC-DO-NOT-IMPORT","","SYN000049               ","SYNTHETIC-DO-NOT-IMPORT"
"99000000000000051","2026","RES                     ","SYNTHETIC-DO-NOT-IMPORT","SYNTHETIC-DO-NOT-IMPORT","SYNTHETIC-DO-NOT-IMPORT","","SYNTHETIC-DO-NOT-IMPORT","SYNTHETIC-DO-NOT-IMPORT","SYNTHETIC-DO-NOT-IMPORT","SYNTHETIC-DO-NOT-IMPORT","SYNTHETIC-DO-NOT-IMPORT","SYNTHETIC-DO-NOT-IMPORT","SYNTHETIC-DO-NOT-IMPORT","SYNTHETIC-DO-NOT-IMPORT","8773","","ORRINMOOR TRL           ","","","DALLAS                  ","752090050","","SYN05                   ","SYNTHETIC-DO-NOT-IMPORT","SYNTHETIC-DO-NOT-IMPORT","SYNTHETIC-DO-NOT-IMPORT","SYNTHETIC-DO-NOT-IMPORT","SYNTHETIC-DO-NOT-IMPORT","","SYN000050               ","SYNTHETIC-DO-NOT-IMPORT"
"99000000000000052","2026","RES                     ","SYNTHETIC-DO-NOT-IMPORT","SYNTHETIC-DO-NOT-IMPORT","SYNTHETIC-DO-NOT-IMPORT","","SYNTHETIC-DO-NOT-IMPORT","SYNTHETIC-DO-NOT-IMPORT","SYNTHETIC-DO-NOT-IMPORT","SYNTHETIC-DO-NOT-IMPORT","SYNTHETIC-DO-NOT-IMPORT","SYNTHETIC-DO-NOT-IMPORT","SYNTHETIC-DO-NOT-IMPORT","SYNTHETIC-DO-NOT-IMPORT","2680","","VALDERMERE TRL          ","","","DALLAS                  ","752180051","","SYN06                   ","SYNTHETIC-DO-NOT-IMPORT","SYNTHETIC-DO-NOT-IMPORT","SYNTHETIC-DO-NOT-IMPORT","SYNTHETIC-DO-NOT-IMPORT","SYNTHETIC-DO-NOT-IMPORT","","SYN000051               ","SYNTHETIC-DO-NOT-IMPORT"
"99000000000000053","2026","RES                     ","SYNTHETIC-DO-NOT-IMPORT","SYNTHETIC-DO-NOT-IMPORT","SYNTHETIC-DO-NOT-IMPORT","","SYNTHETIC-DO-NOT-IMPORT","SYNTHETIC-DO-NOT-IMPORT","SYNTHETIC-DO-NOT-IMPORT","SYNTHETIC-DO-NOT-IMPORT","SYNTHETIC-DO-NOT-IMPORT","SYNTHETIC-DO-NOT-IMPORT","SYNTHETIC-DO-NOT-IMPORT","SYNTHETIC-DO-NOT-IMPORT","2812","","FENWYCK LN              ","","","DALLAS                  ","752200052","","SYN07                   ","SYNTHETIC-DO-NOT-IMPORT","SYNTHETIC-DO-NOT-IMPORT","SYNTHETIC-DO-NOT-IMPORT","SYNTHETIC-DO-NOT-IMPORT","SYNTHETIC-DO-NOT-IMPORT","","SYN000052               ","SYNTHETIC-DO-NOT-IMPORT"
"99000000000000054","2026","RES                     ","SYNTHETIC-DO-NOT-IMPORT","SYNTHETIC-DO-NOT-IMPORT","SYNTHETIC-DO-NOT-IMPORT","","SYNTHETIC-DO-NOT-IMPORT","SYNTHETIC-DO-NOT-IMPORT","SYNTHETIC-DO-NOT-IMPORT","SYNTHETIC-DO-NOT-IMPORT","SYNTHETIC-DO-NOT-IMPORT","SYNTHETIC-DO-NOT-IMPORT","SYNTHETIC-DO-NOT-IMPORT","SYNTHETIC-DO-NOT-IMPORT","4132","","ZEPHRANE DR             ","","","DALLAS                  ","752230053","","SYN08                   ","SYNTHETIC-DO-NOT-IMPORT","SYNTHETIC-DO-NOT-IMPORT","SYNTHETIC-DO-NOT-IMPORT","SYNTHETIC-DO-NOT-IMPORT","SYNTHETIC-DO-NOT-IMPORT","","SYN000053               ","SYNTHETIC-DO-NOT-IMPORT"
"99000000000000055","2026","RES                     ","SYNTHETIC-DO-NOT-IMPORT","SYNTHETIC-DO-NOT-IMPORT","SYNTHETIC-DO-NOT-IMPORT","","SYNTHETIC-DO-NOT-IMPORT","SYNTHETIC-DO-NOT-IMPORT","SYNTHETIC-DO-NOT-IMPORT","SYNTHETIC-DO-NOT-IMPORT","SYNTHETIC-DO-NOT-IMPORT","SYNTHETIC-DO-NOT-IMPORT","SYNTHETIC-DO-NOT-IMPORT","SYNTHETIC-DO-NOT-IMPORT","8794","","QUENDERBY AVE           ","","","DALLAS                  ","752280054","","SYN00                   ","SYNTHETIC-DO-NOT-IMPORT","SYNTHETIC-DO-NOT-IMPORT","SYNTHETIC-DO-NOT-IMPORT","SYNTHETIC-DO-NOT-IMPORT","SYNTHETIC-DO-NOT-IMPORT","","SYN000054               ","SYNTHETIC-DO-NOT-IMPORT"
"99000000000000056","2026","RES                     ","SYNTHETIC-DO-NOT-IMPORT","SYNTHETIC-DO-NOT-IMPORT","SYNTHETIC-DO-NOT-IMPORT","","SYNTHETIC-DO-NOT-IMPORT","SYNTHETIC-DO-NOT-IMPORT","SYNTHETIC-DO-NOT-IMPORT","SYNTHETIC-DO-NOT-IMPORT","SYNTHETIC-DO-NOT-IMPORT","SYNTHETIC-DO-NOT-IMPORT","SYNTHETIC-DO-NOT-IMPORT","SYNTHETIC-DO-NOT-IMPORT","3248","","CORVANE DR              ","","","DALLAS                  ","752300055","","SYN01                   ","SYNTHETIC-DO-NOT-IMPORT","SYNTHETIC-DO-NOT-IMPORT","SYNTHETIC-DO-NOT-IMPORT","SYNTHETIC-DO-NOT-IMPORT","SYNTHETIC-DO-NOT-IMPORT","","SYN000055               ","SYNTHETIC-DO-NOT-IMPORT"
"99000000000000057","2026","RES                     ","SYNTHETIC-DO-NOT-IMPORT","SYNTHETIC-DO-NOT-IMPORT","SYNTHETIC-DO-NOT-IMPORT","","SYNTHETIC-DO-NOT-IMPORT","SYNTHETIC-DO-NOT-IMPORT","SYNTHETIC-DO-NOT-IMPORT","SYNTHETIC-DO-NOT-IMPORT","SYNTHETIC-DO-NOT-IMPORT","SYNTHETIC-DO-NOT-IMPORT","SYNTHETIC-DO-NOT-IMPORT","SYNTHETIC-DO-NOT-IMPORT","4745","","THISTLEWANE LN          ","","","DALLAS                  ","752140056","","SYN02                   ","SYNTHETIC-DO-NOT-IMPORT","SYNTHETIC-DO-NOT-IMPORT","SYNTHETIC-DO-NOT-IMPORT","SYNTHETIC-DO-NOT-IMPORT","SYNTHETIC-DO-NOT-IMPORT","","SYN000056               ","SYNTHETIC-DO-NOT-IMPORT"
"99000000000000058","2026","RES                     ","SYNTHETIC-DO-NOT-IMPORT","SYNTHETIC-DO-NOT-IMPORT","SYNTHETIC-DO-NOT-IMPORT","","SYNTHETIC-DO-NOT-IMPORT","SYNTHETIC-DO-NOT-IMPORT","SYNTHETIC-DO-NOT-IMPORT","SYNTHETIC-DO-NOT-IMPORT","SYNTHETIC-DO-NOT-IMPORT","SYNTHETIC-DO-NOT-IMPORT","SYNTHETIC-DO-NOT-IMPORT","SYNTHETIC-DO-NOT-IMPORT","785","","SABLEWICK CT            ","","","DALLAS                  ","752060057","","SYN03                   ","SYNTHETIC-DO-NOT-IMPORT","SYNTHETIC-DO-NOT-IMPORT","SYNTHETIC-DO-NOT-IMPORT","SYNTHETIC-DO-NOT-IMPORT","SYNTHETIC-DO-NOT-IMPORT","","SYN000057               ","SYNTHETIC-DO-NOT-IMPORT"
"99000000000000059","2026","RES                     ","SYNTHETIC-DO-NOT-IMPORT","SYNTHETIC-DO-NOT-IMPORT","SYNTHETIC-DO-NOT-IMPORT","","SYNTHETIC-DO-NOT-IMPORT","SYNTHETIC-DO-NOT-IMPORT","SYNTHETIC-DO-NOT-IMPORT","SYNTHETIC-DO-NOT-IMPORT","SYNTHETIC-DO-NOT-IMPORT","SYNTHETIC-DO-NOT-IMPORT","SYNTHETIC-DO-NOT-IMPORT","SYNTHETIC-DO-NOT-IMPORT","6922","","CORVANE LN              ","","","DALLAS                  ","752090058","","SYN04                   ","SYNTHETIC-DO-NOT-IMPORT","SYNTHETIC-DO-NOT-IMPORT","SYNTHETIC-DO-NOT-IMPORT","SYNTHETIC-DO-NOT-IMPORT","SYNTHETIC-DO-NOT-IMPORT","","SYN000058               ","SYNTHETIC-DO-NOT-IMPORT"
"99000000000000060","2026","RES                     ","SYNTHETIC-DO-NOT-IMPORT","SYNTHETIC-DO-NOT-IMPORT","SYNTHETIC-DO-NOT-IMPORT","Y                       ","SYNTHETIC-DO-NOT-IMPORT","SYNTHETIC-DO-NOT-IMPORT","SYNTHETIC-DO-NOT-IMPORT","SYNTHETIC-DO-NOT-IMPORT","SYNTHETIC-DO-NOT-IMPORT","SYNTHETIC-DO-NOT-IMPORT","SYNTHETIC-DO-NOT-IMPORT","SYNTHETIC-DO-NOT-IMPORT","4875","","OMBRELLE DR             ","","","DALLAS                  ","752180059","","SYN05                   ","SYNTHETIC-DO-NOT-IMPORT","SYNTHETIC-DO-NOT-IMPORT","SYNTHETIC-DO-NOT-IMPORT","SYNTHETIC-DO-NOT-IMPORT","SYNTHETIC-DO-NOT-IMPORT","","SYN000059               ","SYNTHETIC-DO-NOT-IMPORT"
"99000000000000061","2026","RES                     ","SYNTHETIC-DO-NOT-IMPORT","SYNTHETIC-DO-NOT-IMPORT","SYNTHETIC-DO-NOT-IMPORT","","SYNTHETIC-DO-NOT-IMPORT","SYNTHETIC-DO-NOT-IMPORT","SYNTHETIC-DO-NOT-IMPORT","SYNTHETIC-DO-NOT-IMPORT","SYNTHETIC-DO-NOT-IMPORT","SYNTHETIC-DO-NOT-IMPORT","SYNTHETIC-DO-NOT-IMPORT","SYNTHETIC-DO-NOT-IMPORT","9974","","MARLOWMERE CT           ","","","DALLAS                  ","752200060","","SYN06                   ","SYNTHETIC-DO-NOT-IMPORT","SYNTHETIC-DO-NOT-IMPORT","SYNTHETIC-DO-NOT-IMPORT","SYNTHETIC-DO-NOT-IMPORT","SYNTHETIC-DO-NOT-IMPORT","","SYN000060               ","SYNTHETIC-DO-NOT-IMPORT"
"99000000000000062","2026","RES                     ","SYNTHETIC-DO-NOT-IMPORT","SYNTHETIC-DO-NOT-IMPORT","SYNTHETIC-DO-NOT-IMPORT","","SYNTHETIC-DO-NOT-IMPORT","SYNTHETIC-DO-NOT-IMPORT","SYNTHETIC-DO-NOT-IMPORT","SYNTHETIC-DO-NOT-IMPORT","SYNTHETIC-DO-NOT-IMPORT","SYNTHETIC-DO-NOT-IMPORT","SYNTHETIC-DO-NOT-IMPORT","SYNTHETIC-DO-NOT-IMPORT","9945","","ASHENFOLD TRL           ","","","DALLAS                  ","752230061","","SYN07                   ","SYNTHETIC-DO-NOT-IMPORT","SYNTHETIC-DO-NOT-IMPORT","SYNTHETIC-DO-NOT-IMPORT","SYNTHETIC-DO-NOT-IMPORT","SYNTHETIC-DO-NOT-IMPORT","","SYN000061               ","SYNTHETIC-DO-NOT-IMPORT"
"99000000000000063","2026","RES                     ","SYNTHETIC-DO-NOT-IMPORT","SYNTHETIC-DO-NOT-IMPORT","SYNTHETIC-DO-NOT-IMPORT","","SYNTHETIC-DO-NOT-IMPORT","SYNTHETIC-DO-NOT-IMPORT","SYNTHETIC-DO-NOT-IMPORT","SYNTHETIC-DO-NOT-IMPORT","SYNTHETIC-DO-NOT-IMPORT","SYNTHETIC-DO-NOT-IMPORT","SYNTHETIC-DO-NOT-IMPORT","SYNTHETIC-DO-NOT-IMPORT","9951","","VINTRELOW AVE           ","","","DALLAS                  ","752280062","","SYN08                   ","SYNTHETIC-DO-NOT-IMPORT","SYNTHETIC-DO-NOT-IMPORT","SYNTHETIC-DO-NOT-IMPORT","SYNTHETIC-DO-NOT-IMPORT","SYNTHETIC-DO-NOT-IMPORT","","SYN000062               ","SYNTHETIC-DO-NOT-IMPORT"
