"ACCOUNT_NUM","APPRAISAL_YR","SECTION_NUM","SPTD_CD","SPTD_DESC","ZONING","FRONT_DIM","DEPTH_DIM","AREA_SIZE","AREA_UOM_DESC","COST_PER_UOM","VAL_AMT"
"99000000000000001","2026","1","A11                     ","","R-5(A)                  ","","","13130","SQUARE FEET             ","",".00                     "
"99000000000000002","2026","1","A11                     ","","R-5(A)                  ","","","13382","SQUARE FEET             ","",".00                     "
"99000000000000003","2026","1","A11                     ","","R-7.5(A)                ","","","14029","SQUARE FEET             ","",".00                     "
"99000000000000004","2026","1","A11                     ","","R-5(A)                  ","","","12904","SQUARE FEET             ","",".00                     "
"99000000000000005","2026","1","A11                     ","","R-10(A)                 ","","","14484","SQUARE FEET             ","",".00                     "
"99000000000000006","2026","1","A11                     ","","R-10(A)                 ","","","14413","SQUARE FEET             ","",".00                     "
"99000000000000007","2026","1","A11                     ","","R-5(A)                  ","","","8183","SQUARE FEET             ","",".00                     "
"99000000000000008","2026","1","A11                     ","","R-5(A)                  ","","",".25                     ","ACRES                   ","",".00                     "
"99000000000000008","2026","2","A11                     ","","R-5(A)                  ","","","2145","SQUARE FEET             ","",".00                     "
"99000000000000009","2026","1","A11                     ","","R-7.5(A)                ","","","8318","SQUARE FEET             ","",".00                     "
"99000000000000010","2026","1","A11                     ","","R-7.5(A)                ","","","60","FRONT FEET              ","",".00                     "
"99000000000000011","2026","1","A11                     ","","R-5(A)                  ","","","8647","SQUARE FEET             ","",".00                     "
"99000000000000012","2026","1","A11                     ","","R-10(A)                 ","","","12890","SQUARE FEET             ","",".00                     "
"99000000000000013","2026","1","A11                     ","","R-10(A)                 ","","","11141","SQUARE FEET             ","",".00                     "
"99000000000000014","2026","1","A11                     ","","R-5(A)                  ","","","11805","SQUARE FEET             ","",".00                     "
"99000000000000015","2026","1","A11                     ","","R-10(A)                 ","","","11153","SQUARE FEET             ","",".00                     "
"99000000000000016","2026","1","A11                     ","","R-5(A)                  ","","","14206","SQUARE FEET             ","",".00                     "
"99000000000000017","2026","1","A11                     ","","R-5(A)                  ","","","11200","SQUARE FEET             ","",".00                     "
"99000000000000018","2026","1","A11                     ","","R-5(A)                  ","","","10901","SQUARE FEET             ","",".00                     "
"99000000000000019","2026","1","A11                     ","","R-5(A)                  ","","","10384","SQUARE FEET             ","",".00                     "
"99000000000000020","2026","1","A11                     ","","R-10(A)                 ","","","11351","SQUARE FEET             ","",".00                     "
"99000000000000021","2026","1","A11                     ","","CD-12                   ","","","7476","SQUARE FEET             ","",".00                     "
"99000000000000022","2026","1","A11                     ","","R-5(A)                  ","","","7209","SQUARE FEET             ","",".00                     "
"99000000000000023","2026","1","A11                     ","","CD-12                   ","","","7944","SQUARE FEET             ","",".00                     "
"99000000000000024","2026","1","A11                     ","","R-5(A)                  ","","","8229","SQUARE FEET             ","",".00                     "
"99000000000000025","2026","1","A11                     ","","R-5(A)                  ","","","6260","SQUARE FEET             ","",".00                     "
"99000000000000026","2026","1","A11                     ","","R-5(A)                  ","","","7656","SQUARE FEET             ","",".00                     "
"99000000000000027","2026","1","A11                     ","","R-7.5(A)                ","","","8214","SQUARE FEET             ","",".00                     "
"99000000000000028","2026","1","A11                     ","","CD-12                   ","","","8349","SQUARE FEET             ","",".00                     "
"99000000000000029","2026","1","A11                     ","","CD-12                   ","","","8990","SQUARE FEET             ","",".00                     "
"99000000000000030","2026","1","A11                     ","","R-5(A)                  ","","","8601","SQUARE FEET             ","",".00                     "
"99000000000000031","2026","1","A11                     ","","CD-12                   ","","","9249","SQUARE FEET             ","",".00                     "
"99000000000000032","2026","1","A11                     ","","CD-12                   ","","","6413","SQUARE FEET             ","",".00                     "
"99000000000000033","2026","1","A11                     ","","R-5(A)                  ","","","9681","SQUARE FEET             ","",".00                     "
"99000000000000034","2026","1","A11                     ","","CD-12                   ","","","7704","SQUARE FEET             ","",".00                     "
"99000000000000035","2026","1","A11                     ","","R-5(A)                  ","","","7650","SQUARE FEET             ","",".00                     "
"99000000000000036","2026","1","A11                     ","","R-7.5(A)                ","","","6660","SQUARE FEET             ","",".00                     "
"99000000000000037","2026","1","A11                     ","","R-5(A)                  ","","","9118","SQUARE FEET             ","",".00                     "
"99000000000000038","2026","1","A11                     ","","R-5(A)                  ","","","7773","SQUARE FEET             ","",".00                     "
"99000000000000039","2026","1","A11                     ","","CD-12                   ","","","6344","SQUARE FEET             ","",".00                     "
"99000000000000040","2026","1","A11                     ","","CD-12                   ","","","6306","SQUARE FEET             ","",".00                     "
"99000000000000041","2026","1","A11                     ","","R-7.5(A)                ","","","7918","SQUARE FEET             ","",".00                     "
"99000000000000042","2026","1","A11                     ","","CD-12                   ","","","7497","SQUARE FEET             ","",".00                     "
"99000000000000043","2026","1","A11                     ","","R-7.5(A)                ","","","7241","SQUARE FEET             ","",".00                     "
"99000000000000044","2026","1","A11                     ","","R-7.5(A)                ","","","8879","SQUARE FEET             ","",".00                     "
"99000000000000045","2026","1","A11                     ","","CD-12                   ","","","6660","SQUARE FEET             ","",".00                     "
"99000000000000046","2026","1","A11                     ","","CD-12                   ","","","6464","SQUARE FEET             ","",".00                     "
"99000000000000047","2026","1","A11                     ","","R-7.5(A)                ","","","7977","SQUARE FEET             ","",".00                     "
"99000000000000048","2026","1","A11                     ","","CD-12                   ","","","6682","SQUARE FEET             ","",".00                     "
"99000000000000049","2026","1","A11                     ","","CD-12                   ","","","8374","SQUARE FEET             ","",".00                     "
"99000000000000050","2026","1","A11                     ","","R-7.5(A)                ","","","6832","SQUARE FEET             ","",".00                     "
"99000000000000051","2026","1","C11                     ","","R-7.5(A)                ","","","10134","SQUARE FEET             ","",".00                     "
"99000000000000052","2026","1","C11                     ","","CD-12                   ","","","7762","SQUARE FEET             ","",".00                     "
"99000000000000053","2026","1","C11                     ","","R-7.5(A)                ","","","12356","SQUARE FEET             ","",".00                     "
"99000000000000054","2026","1","C11                     ","","CD-12                   ","","","10608","SQUARE FEET             ","",".00                     "
"99000000000000055","2026","1","C11                     ","","R-7.5(A)                ","","","6950","SQUARE FEET             ","",".00                     "
"99000000000000056","2026","1","C11                     ","","R-7.5(A)                ","","","11687","SQUARE FEET             ","",".00                     "
"99000000000000057","2026","1","C11                     ","","R-7.5(A)                ","","","5935","SQUARE FEET             ","",".00                     "
"99000000000000058","2026","1","C11                     ","","CD-12                   ","","","5815","SQUARE FEET             ","",".00                     "
"99000000000000059","2026","1","C11                     ","","CD-12                   ","","","10021","SQUARE FEET             ","",".00                     "
"99000000000000060","2026","1","C11                     ","","R-5(A)                  ","","","6110","SQUARE FEET             ","",".00                     "
"99000000000000061","2026","1","A11                     ","","R-7.5(A)                ","","","7814","SQUARE FEET             ","",".00                     "
"99000000000000062","2026","1","A11                     ","","R-7.5(A)                ","","","7174","SQUARE FEET             ","",".00                     "
"99000000000000063","2026","1","A11                     ","","R-7.5(A)                ","","","6470","SQUARE FEET             ","",".00                     "
