"ACCOUNT_NUM","APPRAISAL_YR","IMPR_VAL","LAND_VAL","LAND_AG_EXEMPT","AG_USE_VAL","TOT_VAL","HMSTD_VAL","PREV_MKT_VAL","TOT_CONTRIB_AMT","TAXPAYER_REP","CITY_JURIS_DESC","ISD_JURIS_DESC","SPTD_CODE","DIVISION_CD"
"99000000000000001","2026","157000.00","281000.00","","","438000.00","","","","SYNTHETIC-DO-NOT-IMPORT","","","A11                     ","RES                     "
"99000000000000002","2026","127000.00","328000.00","","","455000.00","","","","SYNTHETIC-DO-NOT-IMPORT","","","A11                     ","RES                     "
"99000000000000003","2026","182000.00","250000.00","","","432000.00","","","","SYNTHETIC-DO-NOT-IMPORT","","","A11                     ","RES                     "
"99000000000000004","2026","71000.00","248000.00","","","319000.00","","","","SYNTHETIC-DO-NOT-IMPORT","","","A11                     ","RES                     "
"99000000000000005","2026","128000.00","255000.00","","","383000.00","","","","SYNTHETIC-DO-NOT-IMPORT","","","A11                     ","RES                     "
"99000000000000006","2026","99000.00","299000.00","","","398000.00","","","","SYNTHETIC-DO-NOT-IMPORT","","","A11                     ","RES                     "
"99000000000000007","2026","89000.00","213000.00","","","302000.00","","","","SYNTHETIC-DO-NOT-IMPORT","","","A11                     ","RES                     "
"99000000000000008","2026","120000.00","188000.00","","","308000.00","","","","SYNTHETIC-DO-NOT-IMPORT","","","A11                     ","RES                     "
"99000000000000009","2026","192000.00","289000.00","","","481000.00","","","","SYNTHETIC-DO-NOT-IMPORT","","","A11                     ","RES                     "
"99000000000000010","2026","69000.00","240000.00","","","309000.00","","","","SYNTHETIC-DO-NOT-IMPORT","","","A11                     ","RES                     "
"99000000000000011","2026","110000.00","381000.00","","","491000.00","","","","SYNTHETIC-DO-NOT-IMPORT","","","A11                     ","RES                     "
"99000000000000012","2026","109000.00","200000.00","","","309000.00","","","","SYNTHETIC-DO-NOT-IMPORT","","","A11                     ","RES                     "
"99000000000000013","2026","130000.00","236000.00","","","366000.00","","","","SYNTHETIC-DO-NOT-IMPORT","","","A11                     ","RES                     "
"99000000000000014","2026","99000.00","206000.00","","","305000.00","","","","SYNTHETIC-DO-NOT-IMPORT","","","A11                     ","RES                     "
"99000000000000015","2026","127000.00","277000.00","","","404000.00","","","","SYNTHETIC-DO-NOT-IMPORT","","","A11                     ","RES                     "
"99000000000000016","2026","158000.00","299000.00","","","457000.00","","","","SYNTHETIC-DO-NOT-IMPORT","","","A11                     ","RES                     "
"99000000000000017","2026","177000.00","316000.00","","","493000.00","","","","SYNTHETIC-DO-NOT-IMPORT","","","A11                     ","RES                     "
"99000000000000018","2026","97000.00","308000.00","","","405000.00","","","","SYNTHETIC-DO-NOT-IMPORT","","","A11                     ","RES                     "
"99000000000000019","2026","93000.00","249000.00","","","342000.00","","","","SYNTHETIC-DO-NOT-IMPORT","","","A11                     ","RES                     "
"99000000000000020","2026","133000.00","291000.00","","","424000.00","","","","SYNTHETIC-DO-NOT-IMPORT","","","A11                     ","RES                     "
"99000000000000021","2026","792000.00","294000.00","","","1086000.00","","","","SYNTHETIC-DO-NOT-IMPORT","","","A11                     ","RES                     "
"99000000000000022","2026","448000.00","256000.00","","","704000.00","","","","SYNTHETIC-DO-NOT-IMPORT","","","A11                     ","RES                     "
"99000000000000023","2026","620000.00","255000.00","","","875000.00","","","","SYNTHETIC-DO-NOT-IMPORT","","","A11                     ","RES                     "
"99000000000000024","2026","839000.00","278000.00","","","1117000.00","","","","SYNTHETIC-DO-NOT-IMPORT","","","A11                     ","RES                     "
"99000000000000025","2026","621000.00","321000.00","","","942000.00","","","","SYNTHETIC-DO-NOT-IMPORT","","","A11                     ","RES                     "
"99000000000000026","2026","752000.00","367000.00","","","1119000.00","","","","SYNTHETIC-DO-NOT-IMPORT","","","A11                     ","RES                     "
"99000000000000027","2026","411000.00","249000.00","","","660000.00","","","","SYNTHETIC-DO-NOT-IMPORT","","","A11                     ","RES                     "
"99000000000000028","2026","701000.00","378000.00","","","1079000.00","","","","SYNTHETIC-DO-NOT-IMPORT","","","A11                     ","RES                     "
"99000000000000029","2026","483000.00","209000.00","","","692000.00","","","","SYNTHETIC-DO-NOT-IMPORT","","","A11                     ","RES                     "
"99000000000000030","2026","490000.00","160000.00","","","650000.00","","","","SYNTHETIC-DO-NOT-IMPORT","","","A11                     ","RES                     "
"99000000000000031","2026","785000.00","237000.00","","","1022000.00","","","","SYNTHETIC-DO-NOT-IMPORT","","","A11                     ","RES                     "
"99000000000000032","2026","874000.00","259000.00","","","1133000.00","","","","SYNTHETIC-DO-NOT-IMPORT","","","A11                     ","RES                     "
"99000000000000033","2026","425000.00","229000.00","","","654000.00","","","","SYNTHETIC-DO-NOT-IMPORT","","","A11                     ","RES                     "
"99000000000000034","2026","799000.00","432000.00","","","1231000.00","","","","SYNTHETIC-DO-NOT-IMPORT","","","A11                     ","RES                     "
"99000000000000035","2026","606000.00","238000.00","","","844000.00","","","","SYNTHETIC-DO-NOT-IMPORT","","","A11                     ","RES                     "
"99000000000000036","2026","745000.00","401000.00","","","1146000.00","","","","SYNTHETIC-DO-NOT-IMPORT","","","A11                     ","RES                     "
"99000000000000037","2026","798000.00","361000.00","","","1159000.00","","","","SYNTHETIC-DO-NOT-IMPORT","","","A11                     ","RES                     "
"99000000000000038","2026","792000.00","258000.00","","","1050000.00","","","","SYNTHETIC-DO-NOT-IMPORT","","","A11                     ","RES                     "
"99000000000000039","2026","879000.00","352000.00","","","1231000.00","","","","SYNTHETIC-DO-NOT-IMPORT","","","A11                     ","RES                     "
"99000000000000040","2026","660000.00","273000.00","","","933000.00","","","","SYNTHETIC-DO-NOT-IMPORT","","","A11                     ","RES                     "
"99000000000000041","2026","284000.00","267000.00","","","551000.00","","","","SYNTHETIC-DO-NOT-IMPORT","","","A11                     ","RES                     "
"99000000000000042","2026","198000.00","218000.00","","","416000.00","","","","SYNTHETIC-DO-NOT-IMPORT","","","A11                     ","RES                     "
"99000000000000043","2026","392000.00","222000.00","","","614000.00","","","","SYNTHETIC-DO-NOT-IMPORT","","","A11                     ","RES                     "
"99000000000000044","2026","308000.00","253000.00","","","561000.00","","","","SYNTHETIC-DO-NOT-IMPORT","","","A11                     ","RES                     "
"99000000000000045","2026","251000.00","179000.00","","","430000.00","","","","SYNTHETIC-DO-NOT-IMPORT","","","A11                     ","RES                     "
"99000000000000046","2026","199000.00","168000.00","","","367000.00","","","","SYNTHETIC-DO-NOT-IMPORT","","","A11                     ","RES                     "
"99000000000000047","2026","207000.00","168000.00","","","375000.00","","","","SYNTHETIC-DO-NOT-IMPORT","","","A11                     ","RES                     "
"99000000000000048","2026","320000.00","282000.00","","","602000.00","","","","SYNTHETIC-DO-NOT-IMPORT","","","A11                     ","RES                     "
"99000000000000049","2026","318000.00","329000.00","","","647000.00","","","","SYNTHETIC-DO-NOT-IMPORT","","","A11                     ","RES                     "
"99000000000000050","2026","316000.00","255000.00","","","571000.00","","","","SYNTHETIC-DO-NOT-IMPORT","","","A11                     ","RES                     "
"99000000000000051","2026",".00                     ","322000.00","","","322000.00","","","","SYNTHETIC-DO-NOT-IMPORT","","","C11                     ","RES                     "
"99000000000000052","2026",".00                     ","339000.00","","","339000.00","","","","SYNTHETIC-DO-NOT-IMPORT","","","C11                     ","RES                     "
"99000000000000053","2026",".00                     ","373000.00","","","373000.00","","","","SYNTHETIC-DO-NOT-IMPORT","","","C11                     ","RES                     "
"99000000000000054","2026",".00                     ","240000.00","","","240000.00","","","","SYNTHETIC-DO-NOT-IMPORT","","","C11                     ","RES                     "
"99000000000000055","2026",".00                     ","299000.00","","","299000.00","","","","SYNTHETIC-DO-NOT-IMPORT","","","C11                     ","RES                     "
"99000000000000056","2026",".00                     ","308000.00","","","308000.00","","","","SYNTHETIC-DO-NOT-IMPORT","","","C11                     ","RES                     "
"99000000000000057","2026",".00                     ","214000.00","","","214000.00","","","","SYNTHETIC-DO-NOT-IMPORT","","","C11                     ","RES                     "
"99000000000000058","2026",".00                     ","285000.00","","","285000.00","","","","SYNTHETIC-DO-NOT-IMPORT","","","C11                     ","RES                     "
"99000000000000059","2026",".00                     ","274000.00","","","274000.00","","","","SYNTHETIC-DO-NOT-IMPORT","","","C11                     ","RES                     "
"99000000000000060","2026",".00                     ","358000.00","","","358000.00","","","","SYNTHETIC-DO-NOT-IMPORT","","","C11                     ","RES                     "
