"ACCOUNT_NUM","APPRAISAL_YR","TAX_OBJ_ID","BLDG_CLASS_DESC","YR_BUILT","EFF_YR_BUILT","ACT_AGE","CDU_RATING_DESC","TOT_MAIN_SF","TOT_LIVING_AREA_SF","PCT_COMPLETE","NUM_STORIES_DESC"
"99000000000000001","2026","","","1946","","","","945","945","",""
"99000000000000002","2026","","","1941","","","","863","863","",""
"99000000000000003","2026","","","1931","","","","866","866","",""
"99000000000000004","2026","","","1927","","","","996","996","",""
"99000000000000005","2026","","","1939","","","","1352","1352","",""
"99000000000000006","2026","","","1948","","","","1650","1650","",""
"99000000000000006","2026","","","1985","","","","420","420","",""
"99000000000000007","2026","","","1933","","","","1261","1261","",""
"99000000000000008","2026","","","1945","","","","1421","1421","",""
"99000000000000009","2026","","","1951","","","","1334","1334","",""
"99000000000000010","2026","","","1958","","","","912","912","",""
"99000000000000011","2026","","","1933","","","","1265","1265","",""
"99000000000000012","2026","","","1934","","","","1486","1486","",""
"99000000000000013","2026","","","1951","","","","1344","1344","",""
"99000000000000014","2026","","","1934","","","","1365","1365","",""
"99000000000000015","2026","","","1931","","","","994","994","",""
"99000000000000016","2026","","","1959","","","","861","861","",""
"99000000000000017","2026","","","1941","","","","1008","1008","",""
"99000000000000018","2026","","","1947","","","","1268","1268","",""
"99000000000000019","2026","","","1945","","","","986","986","",""
"99000000000000020","2026","","","1945","","","","983","983","",""
"99000000000000021","2026","","","2002","","","","3434","3434","",""
"99000000000000022","2026","","","2010","","","","2772","2772","",""
"99000000000000023","2026","","","2014","","","","3552","3552","",""
"99000000000000024","2026","","","2014","","","","2410","2410","",""
"99000000000000025","2026","","","2017","","","","3113","3113","",""
"99000000000000026","2026","","","2013","","","","3909","3909","",""
"99000000000000027","2026","","","2009","","","","3956","3956","",""
"99000000000000028","2026","","","1998","","","","3172","3172","",""
"99000000000000029","2026","","","2014","","","","2608","2608","",""
"99000000000000030","2026","","","2022","","","","3652","3652","",""
"99000000000000031","2026","","","2013","","","","4074","4074","",""
"99000000000000032","2026","","","2002","","","","3359","3359","",""
"99000000000000033","2026","","","2000","","","","3960","3960","",""
"99000000000000034","2026","","","2006","","","","3322","3322","",""
"99000000000000035","2026","","","2015","","","","4171","4171","",""
"99000000000000036","2026","","","2004","","","","4197","4197","",""
"99000000000000037","2026","","","1998","","","","3277","3277","",""
"99000000000000038","2026","","","1998","","","","3485","3485","",""
"99000000000000039","2026","","","2022","","","","3977","3977","",""
"99000000000000040","2026","","","2008","","","","3599","3599","",""
"99000000000000041","2026","","","1972","","","","1532","1532","",""
"99000000000000042","2026","","","1972","","","","1947","1947","",""
"99000000000000043","2026","","","1989","","","","2359","2359","",""
"99000000000000044","2026","","","1966","","","","2121","2121","",""
"99000000000000045","2026","","","1990","","","","2079","2079","",""
"99000000000000046","2026","","","1968","","","","2142","2142","",""
"99000000000000047","2026","","","1983","","","","1758","1758","",""
"99000000000000048","2026","","","1970","","","","1804","1804","",""
"99000000000000049","2026","","","1984","","","","2110","2110","",""
"99000000000000050","2026","","","1983","","","","1743","1743","",""
"99000000000000064","2026","","","1954","","","","1150","1150","",""
"99000000000000065","2026","","","1949","","","","1000","1000","",""
"99000000000000066","2026","","","1962","","","","1400","1400","",""
"99000000000000067","2026","","","1941","","","","1300","1300","",""
"99000000000000068","2026","","","1952","","","","900","900","",""
"99000000000000069","2026","","","1952","","","","900","900","",""
"99000000000000070","2026","","","1950","","","","1100","1100","",""
"99000000000000071","2026","","","1950","","","","1100","1100","",""
